{"exported":[{"assetName":"ml-model","groupName":"/home/prueba-xabier","assetType":"Workflow","icon":"BatchIcon","assetId":"a1066b17-5a6c-4b42-b98a-a30ce309114e","assetVersionId":"0cbc2c9c-4b7b-489c-80cd-3064c1404405","version":0}],"dependencies":{"assets":[{"assetName":"model_German_credit_data_training_rf","groupName":"/home/prueba-xabier","assetType":"MlModel","icon":"MlModelIcon","assetId":"e59589d3-a5bb-4436-bb31-69ed9a800921","assetVersionId":"ce5c3fa8-cab6-4346-bcf9-5be1ed30b2ea","version":0}],"extensions":[],"templates":[],"parameterLists":[],"mocks":[],"gitConnections":[]}}