{"id":"0cbc2c9c-4b7b-489c-80cd-3064c1404405","name":"ml-model","description":"Use the risk scoring model inside a Stratio Rocket workflow","settings":{"global":{"executionMode":"marathon","dockerSettings":{"driverDockerImage":"{{{SparkConfigurations.SPARK_DRIVER_DOCKER_IMAGE}}}","driverDockerVolumes":"{{{SparkConfigurations.SPARK_DRIVER_DOCKER_VOLUMES}}}","executorDockerImage":"{{{SparkConfigurations.SPARK_EXECUTOR_DOCKER_IMAGE}}}","executorDockerVolumes":"{{{SparkConfigurations.SPARK_EXECUTOR_DOCKER_VOLUMES}}}"},"userPluginsJars":[],"parametersLists":["Environment","SparkResources","SparkConfigurations"],"parametersUsed":["SparkConfigurations.AUTODEBUG_MOCK_DATA_LIMIT","SparkConfigurations.DEBUG_MOCK_DATA_LIMIT","SparkConfigurations.SPARK_DRIVER_DOCKER_IMAGE","SparkConfigurations.SPARK_DRIVER_DOCKER_VOLUMES","SparkConfigurations.SPARK_DRIVER_JAVA_OPTIONS","SparkConfigurations.SPARK_EXECUTOR_DOCKER_IMAGE","SparkConfigurations.SPARK_EXECUTOR_DOCKER_VOLUMES","SparkConfigurations.SPARK_EXECUTOR_EXTRA_JAVA_OPTIONS","SparkConfigurations.SPARK_LOCALITY_WAIT","SparkConfigurations.SPARK_MEMORY_FRACTION","SparkConfigurations.SPARK_TASK_MAX_FAILURES","SparkResources.SPARK_CORES_MAX","SparkResources.SPARK_DRIVER_CORES","SparkResources.SPARK_DRIVER_MEMORY","SparkResources.SPARK_EXECUTOR_CORES","SparkResources.SPARK_EXECUTOR_MEMORY","SparkResources.SPARK_MESOS_SHUTDOWN"],"sqlSettings":{"preExecutionSqlSentences":[],"postExecutionSqlSentences":[],"udfsToRegister":[],"udafsToRegister":[]},"marathonDeploymentSettings":{"gracePeriodSeconds":"240","intervalSeconds":"30","timeoutSeconds":"20","maxConsecutiveFailures":"3","forcePullImage":true,"userEnvVariables":[],"userLabels":[],"logLevel":"","mesosRole":"","mesosConstraint":"","mesosConstraintOperator":"CLUSTER","includePostgresHealthCheck":true,"includeHdfsHealthCheck":true,"includeSparkHealthCheck":true},"kubernetesDeploymentSettings":{"gracePeriodSeconds":"240","intervalSeconds":"30","timeoutSeconds":"20","maxConsecutiveFailures":"3","imagePullPolicy":"IfNotPresent","userEnvVariables":[],"userLabels":[],"includePostgresHealthCheck":true,"includeHdfsHealthCheck":true,"includeSparkHealthCheck":true},"enableQualityRules":true,"debugSettings":{"forceDebugExecutionForAllSteps":false,"limitRecordsDebug":"{{{SparkConfigurations.DEBUG_MOCK_DATA_LIMIT}}}"},"autoDebugSettings":{"enableAutoDebug":true,"forceAutoDebugExecutionForAllSteps":false,"limitRecordsAutoDebug":"{{{SparkConfigurations.AUTODEBUG_MOCK_DATA_LIMIT}}}"}},"streamingSettings":{"window":"2s","backpressure":false,"blockInterval":"100ms","stopGracefully":true,"checkpointSettings":{"checkpointPath":"tmp/checkpoint","enableCheckpointing":true,"autoDeleteCheckpoint":true,"addTimeToCheckpointPath":false,"keepSameCheckpoint":false}},"sparkSettings":{"sparkKerberos":true,"sparkDataStoreTls":true,"sparkMesosSecurity":true,"submitArguments":{"userArguments":[],"deployMode":{},"driverJavaOptions":"{{{SparkConfigurations.SPARK_DRIVER_JAVA_OPTIONS}}}"},"sparkConf":{"sparkResourcesConf":{"coresMax":"{{{SparkResources.SPARK_CORES_MAX}}}","executorMemory":"{{{SparkResources.SPARK_EXECUTOR_MEMORY}}}","executorCores":"{{{SparkResources.SPARK_EXECUTOR_CORES}}}","driverCores":"{{{SparkResources.SPARK_DRIVER_CORES}}}","driverMemory":"{{{SparkResources.SPARK_DRIVER_MEMORY}}}","mesosExtraCores":"","localityWait":"{{{SparkConfigurations.SPARK_LOCALITY_WAIT}}}","taskMaxFailures":"{{{SparkConfigurations.SPARK_TASK_MAX_FAILURES}}}","sparkMemoryFraction":"{{{SparkConfigurations.SPARK_MEMORY_FRACTION}}}","sparkParallelism":"","executorInstances":"1"},"sparkHistoryServerConf":{"enableHistoryServerMonitoring":false,"sparkHistoryServerEventLogRotateEnable":false,"sparkHistoryServerEventLogRotateNum":"9","sparkHistoryServerEventLogRotateSize":"512"},"sparkDynamicAllocationConf":{"enableDynamicAllocation":false,"sparkDynamicAllocationExecutorIdleTimeout":"60s","sparkDynamicAllocationMinExecutors":"0","sparkDynamicAllocationExecutorAllocationRatio":"1","sparkDynamicAllocationSchedulerBacklogTimeout":"1s","sparkDynamicAllocationVolumeShuffle":"/var/lib/spark_data"},"userSparkConf":[],"coarse":true,"sparkUser":"root","sparkVolumeShuffle":"/var/lib/spark_data_nodynamic","sparkHostDir":"","sparkKryoSerialization":false,"logStagesProgress":false,"hdfsTokenCache":true,"executorExtraJavaOptions":"{{{SparkConfigurations.SPARK_EXECUTOR_EXTRA_JAVA_OPTIONS}}}","stopGracefullyTimeout":"{{{SparkResources.SPARK_MESOS_SHUTDOWN}}}"}},"errorsManagement":{"genericErrorManagement":{"whenError":"Error"},"transformationStepsManagement":{"whenError":"Error","whenRowError":"RowError","whenFieldError":"FieldError"},"transactionsManagement":{"sendToOutputs":[],"sendStepData":false,"sendPredecessorsData":true,"sendInputData":true}},"pythonEnvDefinition":{"definition":"name: rocket-default\n\nchannels:\n  - defaults\n\ndependencies:\n  - python=3.7.6\n  - pip=20.2.2\n  - pip:\n      - mlflow==1.11.0\n      - pyspark==3.0.1\n      - pyarrow==0.15.1\n      - scikit-learn==0.22.1\n\n"}},"pipelineGraph":{"nodes":[{"name":"Crossdata","stepType":"Input","className":"CrossdataInputStep","classPrettyName":"Crossdata","arity":["NullaryToNary"],"uiConfiguration":{"position":{"x":-324.1099230647087,"y":79.1626205444336}},"configuration":{"priority":"50","crossdata":"{\"database\":\"default\",\"table\":\"german_credit_data\"}","debugOptions":"{\"description\":\"Choose data\",\"mockType\":\"SqlQuery\",\"executeStepAutoDebug\":true,\"executeStepDebug\":true,\"mockMetadata\":{\"sqlQuery\":\"select\\r\\nID,\\r\\nAge,\\r\\ncase\\r\\nWHEN Sex = 'male' THEN 1\\r\\nelse 0\\r\\nend as Sex,\\r\\nJob,\\r\\nHousing,\\r\\nSaving_accounts,\\r\\nChecking_account,\\r\\ncase when Credit_amount > 5000\\r\\nthen 1\\r\\nelse 0\\r\\nend as Credit_amount,\\r\\nDuration,\\r\\nPurpose,\\r\\ncase\\r\\nwhen Risk = 'good' then 0\\r\\nelse 1\\r\\nend as Risk\\r\\nfrom german_credit_data\\r\\n\",\"limit\":\"\"},\"properties\":{}}","isSaved":true,"errorTableName":""},"supportedEngines":["Batch"],"executionEngine":"Batch","supportedDataRelations":["ValidData"],"lineageProperties":[],"outputsWriter":[],"lastModified":"2022-01-20T10:15:19Z"},{"name":"MlModel","stepType":"Transformation","className":"MlModelTransformStep","classPrettyName":"MlModel","arity":["UnaryToNary"],"uiConfiguration":{"position":{"x":-45.381877582354264,"y":78.62555167546628}},"configuration":{"priority":"50","selectMlType":"MlModelAsset","_assetModelGroup":"/home/prueba-xabier","assetId":"e59589d3-a5bb-4436-bb31-69ed9a800921","debugOptions":"{\"executeStepAutoDebug\":true,\"executeStepDebug\":true,\"mockType\":\"NoMock\"}","isSaved":true,"inputSchemas":"","_assetModelName":"model_German_credit_data_training_rf","MlModelAux":"","errorTableName":"","useLatestVersion":true},"supportedEngines":["Batch","Streaming"],"executionEngine":"Batch","supportedDataRelations":["ValidData"],"lineageProperties":[],"outputsWriter":[],"lastModified":"2022-01-20T14:54:23Z"},{"name":"Print","stepType":"Output","className":"PrintOutputStep","classPrettyName":"Print","arity":["NullaryToNullary","NaryToNullary"],"uiConfiguration":{"position":{"x":809.2241852329206,"y":70.77986268284533}},"configuration":{"priority":"50","printData":true,"printSchema":true,"errorSink":false,"isSaved":true,"printMetadata":true,"errorTableName":"","logLevel":"warn"},"supportedEngines":["Streaming","Batch"],"executionEngine":"Batch","lineageProperties":[],"outputsWriter":[],"lastModified":"2022-01-20T14:29:37Z"},{"name":"DropColumns","stepType":"Transformation","className":"DropColumnsTransformStep","classPrettyName":"DropColumns","arity":["UnaryToNary"],"description":"Evitar redundancia de datos","uiConfiguration":{"position":{"x":152.22124462140005,"y":80.04415996935913}},"configuration":{"priority":"50","debugOptions":"{\"executeStepAutoDebug\":true,\"executeStepDebug\":true,\"mockType\":\"NoMock\"}","isSaved":true,"inputSchemas":"","errorTableName":"","schema.fields":[{"name":"unscaled_continuous_features"},{"name":"Sex_index"},{"name":"scaled_continuous_features"},{"name":"Saving_accounts_index"},{"name":"Purpose_index"},{"name":"oh_encoder_Sex_index"},{"name":"oh_encoder_Saving_accounts_index"},{"name":"oh_encoder_Purpose_index"},{"name":"oh_encoder_Job_index"},{"name":"oh_encoder_Housing_index"},{"name":"Checking_account_index"},{"name":"Housing_index"},{"name":"ID"},{"name":"Job_index"},{"name":"oh_encoder_Checking_account_index"}]},"supportedEngines":["Streaming","Batch"],"executionEngine":"Batch","supportedDataRelations":["ValidData"],"lineageProperties":[],"outputsWriter":[],"lastModified":"2022-01-20T10:30:03Z"},{"name":"SelectColumns","stepType":"Transformation","className":"SelectTransformStep","classPrettyName":"Select","arity":["UnaryToNary"],"uiConfiguration":{"position":{"x":347.3523142692511,"y":79.85623193819322}},"configuration":{"priority":"50","selectType":"COLUMNS","debugOptions":"{\"executeStepAutoDebug\":true,\"executeStepDebug\":true,\"mockType\":\"NoMock\"}","isSaved":true,"inputSchemas":[{"stepName":"","schema":""}],"columns":[{"name":"probability.values[1]","alias":"probability"},{"name":"Risk_prediction","alias":"Prediction"}],"errorTableName":""},"supportedEngines":["Streaming","Batch"],"executionEngine":"Batch","supportedDataRelations":["ValidData"],"lineageProperties":[],"outputsWriter":[],"lastModified":"2022-01-20T14:21:49Z"},{"name":"Filter","stepType":"Transformation","className":"FilterTransformStep","classPrettyName":"Filter","arity":["UnaryToNary"],"uiConfiguration":{"position":{"x":566.1252949211604,"y":71.49902676345732}},"configuration":{"priority":"50","debugOptions":"{\"executeStepAutoDebug\":true,\"executeStepDebug\":true,\"mockType\":\"NoMock\"}","isSaved":true,"inputSchemas":"","filterExp":"Prediction= 1","errorTableName":""},"supportedEngines":["Streaming","Batch"],"executionEngine":"Batch","supportedDataRelations":["ValidData","DiscardedData"],"lineageProperties":[],"outputsWriter":[{"saveMode":"Append","outputStepName":"Print","tableName":"","discardTableName":"","extraOptions":{"checkIfEmpty":false}}],"lastModified":"2022-01-20T14:41:18Z"}],"edges":[{"origin":"Crossdata","destination":"MlModel","dataType":"ValidData"},{"origin":"MlModel","destination":"DropColumns","dataType":"ValidData"},{"origin":"DropColumns","destination":"SelectColumns","dataType":"ValidData"},{"origin":"SelectColumns","destination":"Filter","dataType":"ValidData"},{"origin":"Filter","destination":"Print","dataType":"ValidData"}],"annotations":[],"nodeGroups":[]},"executionEngine":"Batch","workflowType":"SpartaWorkflow","uiSettings":{"position":{"x":348.25472109760983,"y":148.83070927973387,"k":0.7855951374939467}},"creationDate":"2022-01-20T09:57:36Z","lastUpdateDate":"2022-01-20T14:58:03Z","version":0,"readOnly":false,"releaseInProgress":false,"group":{"id":"ce383cdd-0806-4298-8b47-df00abbff96f","name":"/home/prueba-xabier","versionSparta":"2.1.0"},"tags":["credit-scoring"],"debugMode":false,"versionSparta":"2.1.0","groupId":"ce383cdd-0806-4298-8b47-df00abbff96f","workflowMasterId":"a1066b17-5a6c-4b42-b98a-a30ce309114e","projectId":"d90cb03b-519a-4876-a1f0-86c02b293570","normalizedName":"ml-model"}